{
    "name": "chain_authority",
    "engine": {
        "authorityRound": {
            "params": {
                "stepDuration": "5",
                "validators": {
                    "list": ["0x00a38419bec01e43f3a383740cf0e2e8bf501542"]
                }
            }
        }
    },
    "params": {
        "gasLimitBoundDivisor": "0x400",
        "maximumExtraDataSize": "0x20",
        "minGasLimit": "0x1388",
        "networkID": "0x2323",
        "eip155Transition": 0,
        "validateChainIdTransition": 0,
        "eip140Transition": 0,
        "eip211Transition": 0,
        "eip214Transition": 0,
        "eip658Transition": 0
    },
    "genesis": {
        "seal": {
            "authorityRound": {
                "step": "0x0",
		"signature": "0x0000000000000000000000000000000000000000000000000000000000000000000000000000000000000000000000000000000000000000000000000000000000"
            }
        },
        "difficulty": "0x20000",
        "gasLimit": "0x5B8D80"
    },
    "accounts": {
        "0x0000000000000000000000000000000000000001": {
            "balance": "1",
            "builtin": {
                "name": "ecrecover",
                "pricing": {
                    "linear": {
                        "base": 3000,
                        "word": 0
                    }
                }
}
        },
        "0x0000000000000000000000000000000000000002": {
            "balance": "1",
            "builtin": {
                "name": "sha256",
                "pricing": {
                    "linear": {
                        "base": 60,
                        "word": 12
                    }
                }
            }
        },
        "0x0000000000000000000000000000000000000003": {
            "balance": "1",
            "builtin": {
                "name": "ripemd160",
                "pricing": {
                    "linear": {
                        "base": 600,
                        "word": 120
                    }
                }
            }
        },
        "0x0000000000000000000000000000000000000004": {
            "balance": "1",
            "builtin": {
                "name": "identity",
                "pricing": {
                    "linear": {
                        "base": 15,
                        "word": 3
                    }
                }
            }
        },
	"0x00da8e0e602417bb446433cfd8ad1e7f45a6a97e":{
		"balance": "10000000000000000000000"
	},
	"0x0062a5cdd3a57491723fab33831105aff84fb7d0":{
		"balance": "10000000000000000000000"
	}
    }
}
